,Cities,Lat,Lng,Country,Date,Cloudiness,Humidity,Max Temp,Wind Speed
0,Walvis Bay,-22.96,14.51,NA,1587049139,6,52,69.8,9.17
1,Bugene,-1.59,31.14,TZ,1587049139,65,57,70.52,3.65
2,Mataura,-46.19,168.86,NZ,1587049140,97,90,44.01,3.0
3,Troitsko-Pechorsk,62.71,56.2,RU,1587049140,100,78,36.36,8.63
4,Topaowan,30.67,112.69,CN,1587049140,95,73,69.13,12.86
5,Hirara,24.8,125.28,JP,1587049140,0,64,70.21,12.91
6,Corner Brook,48.97,-57.95,CA,1587049107,90,69,35.6,11.41
7,Ponta do Sol,32.67,-17.1,PT,1587049141,40,60,68.0,21.92
8,Hobyo,5.35,48.53,SO,1587049141,6,70,85.64,12.35
9,Srandakan,-7.94,110.25,ID,1587049142,94,81,81.43,6.6
10,Lebanon,36.21,-86.29,US,1587049142,1,36,51.01,9.17
11,Alofi,-19.06,-169.92,NU,1587049143,100,94,71.6,1.12
12,Provideniya,64.38,-173.3,RU,1587049144,100,96,24.64,13.49
13,Mar del Plata,-38.0,-57.56,AR,1587049144,20,72,62.6,4.7
14,Hilo,19.73,-155.09,US,1587049144,90,82,68.0,3.36
15,Tasiilaq,65.61,-37.64,GL,1587049145,90,97,32.0,23.04
16,La Ronge,55.1,-105.28,CA,1587049145,75,78,15.8,6.93
17,Tucuruí,-3.77,-49.67,BR,1587049145,3,54,89.92,2.39
18,Atuona,-9.8,-139.03,PF,1587049145,45,73,82.38,11.14
19,Chapais,49.78,-74.85,CA,1587049146,1,45,24.8,12.75
20,Santa Isabel Rio Negro,-0.41,-65.02,BR,1587049146,100,87,81.36,2.64
21,East London,-33.02,27.91,ZA,1587048872,98,60,71.6,9.17
22,Cape Town,-33.93,18.42,ZA,1587049146,40,68,71.01,9.17
23,Banda Aceh,5.56,95.32,ID,1587049147,75,77,81.19,1.99
24,Xaçmaz,41.46,48.81,AZ,1587049147,100,76,49.41,15.26
25,Khandyga,62.67,135.6,RU,1587049147,0,84,-2.34,5.61
26,Busselton,-33.65,115.33,AU,1587049147,0,50,57.0,12.46
27,Talaya,61.38,152.75,RU,1587049148,100,88,13.82,1.74
28,Cherskiy,68.75,161.3,RU,1587049148,72,93,1.2,1.19
29,Stykkisholmur,65.08,-22.73,IS,1587049148,100,80,40.24,12.75
30,Esperance,-33.87,121.9,AU,1587049149,0,82,55.4,5.82
31,Natá,8.33,-80.52,PA,1587049149,20,83,82.4,6.93
32,Butaritari,3.07,172.79,KI,1587049149,94,80,82.47,13.67
33,Arrecife,28.96,-13.55,ES,1587049150,20,39,80.6,9.17
34,Avarua,-21.21,-159.78,CK,1587049150,100,83,71.6,3.36
35,Nikolskoye,59.7,30.79,RU,1587049150,40,45,48.0,15.66
36,Rikitea,-23.12,-134.97,PF,1587049150,60,80,76.48,14.03
37,Bluff,-46.6,168.33,NZ,1587049151,100,90,44.01,3.0
38,La Asuncion,11.03,-63.86,VE,1587049151,100,74,82.4,12.75
39,Northam,51.03,-4.22,GB,1587049151,33,59,68.0,11.41
40,Onguday,50.75,86.15,RU,1587049152,25,55,34.9,2.15
41,Puerto Nariño,-3.77,-70.38,CO,1587049152,75,88,82.4,5.82
42,Jaru,-10.44,-62.47,BR,1587049152,96,77,78.82,6.26
43,Zadar,44.12,15.24,HR,1587049152,87,59,60.8,10.29
44,Airai,-8.93,125.41,TL,1587049153,100,71,62.49,3.51
45,Gamboma,-1.88,15.86,CG,1587049153,92,41,93.69,3.47
46,Varnavino,57.4,45.09,RU,1587049154,54,70,39.16,9.46
47,Punta Arenas,-53.15,-70.92,CL,1587048894,90,93,48.2,12.75
48,Praia da Vitória,38.73,-27.07,PT,1587049154,75,68,64.4,20.13
49,Kendari,-3.94,122.5,ID,1587049154,76,86,78.13,3.04
50,Korla,41.76,86.15,CN,1587049154,100,28,66.11,10.76
51,Cidreira,-30.18,-50.21,BR,1587049155,26,61,67.51,18.81
52,Lagoa,39.05,-27.98,PT,1587049155,100,77,58.66,20.62
53,Tosya,41.02,34.04,TR,1587049155,3,31,51.98,4.97
54,Bereket,39.24,55.52,TM,1587049155,0,19,75.63,4.23
55,Port Alfred,-33.59,26.89,ZA,1587049155,66,78,66.99,1.99
56,Albany,42.6,-73.97,US,1587049070,75,41,39.99,19.46
57,Tenkodogo,11.78,-0.37,BF,1587049156,14,9,108.81,10.56
58,São João da Barra,-21.64,-41.05,BR,1587049156,96,83,77.0,2.24
59,Severo-Kuril'sk,50.68,156.12,RU,1587049156,100,95,30.7,13.11
60,Labuan,5.28,115.24,MY,1587049156,75,88,82.4,1.12
61,Prince Rupert,54.32,-130.32,CA,1587049157,90,100,39.2,1.28
62,Jamestown,42.1,-79.24,US,1587048972,90,79,30.99,8.05
63,Kavieng,-2.57,150.8,PG,1587049157,100,75,82.56,6.8
64,Manavālakurichi,8.13,77.3,IN,1587049157,40,66,87.8,4.7
65,Presidente Médici,-11.18,-61.9,BR,1587049158,98,79,75.24,5.99
66,Lebu,-37.62,-73.65,CL,1587049158,99,73,62.29,10.0
67,Ushuaia,-54.8,-68.3,AR,1587048936,98,71,50.0,5.48
68,Paamiut,61.99,-49.67,GL,1587049158,100,87,33.3,29.73
69,Sitka,57.05,-135.33,US,1587049158,90,100,42.8,3.36
70,Cockburn Town,21.46,-71.14,TC,1587049159,4,80,79.2,13.47
71,The Valley,18.22,-63.06,AI,1587049075,40,66,84.2,11.41
72,Kindu,-2.95,25.95,CD,1587049159,96,54,87.58,1.25
73,Le Port,-20.94,55.29,RE,1587048955,26,69,77.0,16.11
74,Madimba,-10.4,40.33,TZ,1587049160,75,83,80.6,5.82
75,Ossora,59.24,163.07,RU,1587049160,57,96,19.74,4.38
76,Port Elizabeth,-33.92,25.57,ZA,1587049107,4,60,69.8,16.11
77,Nemuro,43.32,145.57,JP,1587049161,0,92,31.23,8.9
78,Henties Bay,-22.12,14.28,NA,1587049162,5,85,60.01,3.0
79,Nadym,65.53,72.52,RU,1587049118,80,97,21.65,10.04
80,Hambantota,6.12,81.12,LK,1587049162,73,74,83.46,4.27
81,Hobart,-42.88,147.33,AU,1587048913,40,58,54.0,20.8
82,Hermanus,-34.42,19.23,ZA,1587049163,3,76,71.01,1.99
83,Hithadhoo,-0.6,73.08,MV,1587049163,45,68,85.91,5.53
84,Fortuna,40.6,-124.16,US,1587049163,90,93,48.99,4.7
85,Devils Lake,48.11,-98.87,US,1587049164,1,68,28.4,6.93
86,Hong Kong,22.29,114.16,HK,1587049091,20,78,75.0,9.17
87,Vila Franca do Campo,37.72,-25.43,PT,1587049164,40,77,60.8,12.75
88,Pevek,69.7,170.31,RU,1587049164,100,96,9.73,2.66
89,Bundaberg,-24.85,152.35,AU,1587049164,0,88,69.01,4.07
90,Puerto Ayora,-0.74,-90.35,EC,1587049033,20,83,80.6,11.41
91,Yellowknife,62.46,-114.35,CA,1587049040,40,85,25.0,5.82
92,Grand Gaube,-20.01,57.66,MU,1587049165,75,94,75.2,13.87
93,Dalbandin,28.89,64.41,PK,1587049165,100,56,65.08,7.05
94,Safi,32.3,-9.24,MA,1587049166,97,54,69.62,14.12
95,Rio das Ostras,-22.53,-41.95,BR,1587049166,75,83,78.8,8.05
96,Vaini,-21.2,-175.2,TO,1587049166,75,94,73.4,2.24
97,Bethel,41.37,-73.41,US,1587049167,75,51,46.0,9.17
98,Saint-Augustin,51.23,-58.65,CA,1587049167,79,92,31.28,5.12
99,Hasaki,35.73,140.83,JP,1587049167,75,70,48.2,10.29
100,Darnah,32.77,22.64,LY,1587049167,0,61,60.94,19.73
101,New Norfolk,-42.78,147.06,AU,1587049168,40,58,54.0,20.8
102,Tura,25.52,90.22,IN,1587049168,51,55,72.93,4.9
103,Strakonice,49.26,13.9,CZ,1587049168,48,21,72.0,5.82
104,Dunedin,-45.87,170.5,NZ,1587048930,93,74,50.0,1.01
105,Nehe,48.48,124.83,CN,1587049169,100,39,49.05,2.75
106,Guerrero Negro,27.98,-114.06,MX,1587049169,78,53,65.88,7.23
107,Qaanaaq,77.48,-69.36,GL,1587049169,74,82,15.1,5.59
108,Hay River,60.82,-115.8,CA,1587049169,20,68,30.2,8.05
109,Rio Verde de Mato Grosso,-18.92,-54.84,BR,1587049170,0,49,75.11,6.2
110,Suleja,9.18,7.18,NG,1587049170,20,37,100.4,5.82
111,Bud,39.45,-86.18,US,1587049171,40,55,42.01,8.05
112,Ribeira Grande,38.52,-28.7,PT,1587049171,40,59,62.6,14.99
113,Meulaboh,4.14,96.13,ID,1587049114,100,84,79.45,5.66
114,Djebeniana,35.03,10.91,TN,1587049172,40,82,68.0,10.29
115,Olutanga,7.31,122.85,PH,1587049172,31,77,82.42,2.24
116,Montmagny,48.97,2.35,FR,1587049172,34,36,75.99,4.7
117,Upernavik,72.79,-56.15,GL,1587049172,100,94,28.38,10.38
118,Saint-Philippe,-21.36,55.77,RE,1587049173,7,73,77.0,20.8
119,Hofn,64.25,-15.21,IS,1587049173,75,69,42.8,9.17
120,Bilibino,68.05,166.44,RU,1587049173,96,87,7.79,2.53
121,Naryan-Mar,67.67,53.09,RU,1587049173,100,94,35.74,24.14
122,Adrar,20.5,-10.07,MR,1587049174,97,20,95.67,9.89
123,Champerico,14.3,-91.92,GT,1587049174,40,66,84.2,1.41
124,Iqaluit,63.75,-68.51,CA,1587048936,75,78,10.4,25.28
125,Rocha,-34.48,-54.33,UY,1587049175,53,75,67.86,13.94
126,Arraial do Cabo,-22.97,-42.03,BR,1587049175,75,83,78.8,8.05
127,Banikoara,11.3,2.44,BJ,1587049175,0,6,106.97,7.09
128,Roald,62.58,6.13,NO,1587049176,40,73,42.8,17.22
129,Itaituba,-4.28,-55.98,BR,1587049176,75,74,84.2,1.01
130,Ostrovnoy,68.05,39.51,RU,1587049176,98,95,32.56,17.2
131,Luanda,-8.84,13.23,AO,1587048908,75,62,89.6,6.93
132,Russell,32.35,-85.2,US,1587049178,1,43,63.0,4.7
133,Dikson,73.51,80.55,RU,1587049178,28,87,3.09,8.75
134,Barrow,71.29,-156.79,US,1587048885,90,85,24.8,11.41
135,Tautira,-17.73,-149.15,PF,1587049178,20,78,78.8,2.24
136,Forbes,-33.38,148.02,AU,1587049179,15,65,64.99,1.99
137,Letlhakane,-21.42,25.58,BW,1587049179,66,17,87.91,5.39
138,Donskoye,45.46,41.97,RU,1587049179,75,52,46.4,17.9
139,Guatire,10.48,-66.54,VE,1587049179,71,50,77.0,5.59
140,Berlevåg,70.86,29.09,NO,1587049180,75,74,33.8,6.91
141,Borogontsy,62.67,131.17,RU,1587049180,0,86,3.2,4.81
142,Te Anau,-45.42,167.72,NZ,1587049180,100,78,45.57,2.33
143,Vestmanna,62.16,-7.17,FO,1587049181,55,70,44.6,8.05
144,Poplar Bluff,36.76,-90.39,US,1587049181,1,45,51.8,8.05
145,Ballina,-28.87,153.57,AU,1587049181,0,82,69.8,6.93
146,Saldanha,-33.01,17.94,ZA,1587049182,20,82,69.8,17.22
147,Pearl,32.27,-90.13,US,1587049182,1,43,59.0,6.93
148,Tabou,4.42,-7.35,CI,1587049182,40,67,86.88,8.05
149,Zhigansk,66.77,123.37,RU,1587048903,13,90,-0.71,17.58
150,Villa Carlos Paz,-31.42,-64.5,AR,1587049182,4,49,71.6,9.17
151,Mugumu,-1.85,34.7,TZ,1587049183,93,55,71.76,1.23
152,Aksay,47.26,39.87,RU,1587049130,20,50,52.0,31.32
153,Butembo,0.15,29.28,CD,1587049183,54,50,70.9,1.57
154,Wajima,37.4,136.9,JP,1587049183,0,65,47.23,16.22
155,Racale,39.96,18.09,IT,1587049183,20,72,62.6,6.93
156,Marawi,8.0,124.29,PH,1587049184,33,72,69.51,2.82
157,Sobolevo,54.43,31.9,RU,1587049184,81,59,46.06,20.85
158,Chokurdakh,70.63,147.92,RU,1587049184,98,92,-6.84,8.63
159,Bonoua,5.27,-3.6,CI,1587049184,20,70,89.6,16.11
160,Mosetse,-20.75,26.65,BW,1587049185,79,20,85.51,3.13
161,Longyearbyen,78.22,15.64,SJ,1587049185,20,69,33.8,4.7
162,Ilulissat,69.22,-51.1,GL,1587048935,75,86,30.2,5.82
163,Guarujá,-23.99,-46.26,BR,1587049186,75,56,73.99,3.36
164,Port Lincoln,-34.73,135.87,AU,1587049186,55,69,59.88,10.13
165,Toora-Khem,52.47,96.11,RU,1587049186,99,55,39.02,2.89
166,Łaziska Górne,50.15,18.84,PL,1587049186,91,22,71.01,21.92
167,Deputatsky,69.3,139.9,RU,1587049186,100,85,-6.11,4.81
168,Cabedelo,-6.98,-34.83,BR,1587049048,75,100,75.2,13.87
169,North Battleford,52.78,-108.28,CA,1587049187,1,92,23.0,4.36
170,Sabzawār,36.21,57.68,IR,1587049187,2,31,63.32,5.08
171,Pedasí,7.53,-80.03,PA,1587049187,0,75,81.1,13.69
172,Kampot,10.62,104.18,KH,1587049187,20,88,82.4,1.12
173,Diré,12.28,-10.97,ML,1587049188,53,23,100.54,1.25
174,Green River,41.53,-109.47,US,1587048936,90,78,19.99,29.97
175,Dongsheng,39.82,109.98,CN,1587049188,1,32,42.17,10.09
176,Antofagasta,-23.65,-70.4,CL,1587049188,62,72,66.2,4.7
177,Havre-St-Pierre,50.23,-63.6,CA,1587049189,1,42,28.4,18.34
178,Nacala,-14.54,40.67,MZ,1587048905,3,82,80.29,8.7
179,Yar-Sale,66.83,70.83,RU,1587049189,100,93,15.8,10.13
180,Innisfail,-17.53,146.03,AU,1587049189,41,92,73.69,4.56
181,Knysna,-34.04,23.05,ZA,1587049189,0,60,68.0,6.93
182,Callaguip,18.07,120.49,PH,1587049190,49,75,80.37,6.2
183,Ancud,-41.87,-73.82,CL,1587049190,90,100,55.4,16.11
184,Uglovskoye,51.36,80.19,RU,1587049190,39,49,51.4,3.65
185,Port Hardy,50.7,-127.42,CA,1587049191,90,100,44.6,5.82
186,Katsuura,35.13,140.3,JP,1587049191,75,81,50.0,5.82
187,Benjamín Aceval,-24.97,-57.57,PY,1587049191,0,38,73.4,5.82
188,San Quintín,30.48,-115.95,MX,1587049152,0,63,63.0,5.64
189,Lucapa,-8.42,20.74,AO,1587049192,93,64,78.66,2.48
190,Persianovskiy,47.51,40.11,RU,1587049192,20,50,52.0,31.32
191,Grindavik,63.84,-22.43,IS,1587049192,75,75,42.8,24.16
192,Castro,-24.79,-50.01,BR,1587049192,0,24,71.37,2.33
193,Bucak,37.46,30.59,TR,1587049193,40,51,75.2,13.87
194,Carnarvon,-24.87,113.63,AU,1587049193,0,73,77.0,11.41
195,Fairbanks,64.84,-147.72,US,1587049193,90,93,37.99,4.7
196,Saint Paul Harbor,57.79,-152.41,US,1587049194,90,93,37.4,2.44
197,Berbera,10.44,45.01,SO,1587049195,21,72,84.87,7.27
198,San Patricio,19.22,-104.7,MX,1587049195,5,93,62.6,5.82
199,Eurajoki,61.2,21.73,FI,1587049195,20,60,42.8,20.8
200,Brownwood,31.71,-98.99,US,1587049195,1,67,57.2,14.99
201,Malakal,9.53,31.66,SS,1587049196,86,6,102.87,3.91
202,Departamento de Maldonado,-34.67,-54.92,UY,1587049196,40,82,68.0,14.99
203,Camacha,33.08,-16.33,PT,1587049196,40,56,68.0,17.22
204,Tuktoyaktuk,69.45,-133.04,CA,1587049196,90,100,30.2,10.29
205,Ahipara,-35.17,173.17,NZ,1587049197,99,82,62.85,12.62
206,Isangel,-19.55,169.27,VU,1587049197,80,83,77.95,14.9
207,Palekastro,35.2,26.25,GR,1587049197,1,51,63.0,25.99
208,Kailua,21.4,-157.74,US,1587049198,75,65,77.0,10.29
209,Husavik,66.04,-17.34,IS,1587049198,75,56,42.8,25.28
210,Kathu,7.92,98.33,TH,1587049198,75,100,75.2,2.24
211,George Town,5.41,100.34,MY,1587049199,20,83,86.0,3.36
212,Bulnes,-36.74,-72.3,CL,1587049199,90,100,60.8,4.7
213,Kaitangata,-46.28,169.85,NZ,1587049200,100,77,48.0,1.99
214,Nome,64.5,-165.41,US,1587048946,90,96,33.8,11.41
215,Peniche,39.36,-9.38,PT,1587049200,75,87,64.99,25.28
216,Yumen,40.28,97.2,CN,1587049200,100,17,56.53,25.05
217,Chicama,-7.84,-79.15,PE,1587049200,2,83,71.6,8.05
218,North Bend,43.41,-124.22,US,1587049201,1,93,50.0,13.38
219,Kapaa,22.08,-159.32,US,1587049201,75,78,75.2,14.99
220,Nangong,37.36,115.37,CN,1587049201,0,30,59.86,12.37
221,Presque Isle,46.68,-68.02,US,1587049156,75,75,34.0,11.41
222,Bredasdorp,-34.53,20.04,ZA,1587049202,15,43,73.4,13.87
223,Mount Gambier,-37.83,140.77,AU,1587049203,40,87,50.0,10.29
224,Linxia Chengguanzhen,35.6,103.21,CN,1587049204,84,18,50.77,3.49
225,Saskylakh,71.92,114.08,RU,1587049204,35,89,-10.5,1.59
226,Vostok,46.49,135.88,RU,1587049205,0,62,32.31,4.32
227,Coahuayana Viejo,18.73,-103.68,MX,1587049206,5,27,73.4,1.25
228,Farafenni,13.57,-15.6,GM,1587049206,2,15,104.94,9.69
229,Fergus Falls,46.28,-96.08,US,1587049206,1,59,34.0,9.17
230,Bo Phloi,14.32,99.52,TH,1587049207,91,62,81.36,3.24
231,Bengkulu,-3.8,102.27,ID,1587049207,100,81,79.65,4.25
232,Kolokani,13.57,-8.03,ML,1587049207,46,26,93.96,8.39
233,São Filipe,14.9,-24.5,CV,1587049208,96,73,73.17,18.52
234,Constitución,-35.33,-72.42,CL,1587049042,10,44,64.24,2.66
235,Cairns,-16.92,145.77,AU,1587049208,90,94,75.2,9.17
236,Kenora,49.82,-94.43,CA,1587049209,40,49,28.4,9.17
237,Carman,49.5,-98.0,CA,1587049209,75,50,36.0,10.29
238,Egvekinot,66.32,-179.17,RU,1587049210,100,94,16.72,9.55
239,Narsīpatnam,17.67,82.62,IN,1587049210,20,79,84.2,6.93
240,Saint-Pierre,-21.34,55.48,RE,1587049211,15,73,77.0,20.8
241,Shenjiamen,29.96,122.3,CN,1587049211,53,81,61.99,26.02
242,Pimenta Bueno,-11.67,-61.19,BR,1587049154,97,82,71.65,3.89
243,Yeppoon,-23.13,150.73,AU,1587049211,1,88,68.0,3.4
244,The Pas,53.83,-101.25,CA,1587049212,1,57,21.2,8.05
245,Sheridan,44.83,-106.92,US,1587049212,90,68,28.0,11.41
246,Ballarat,-37.57,143.85,AU,1587049212,7,77,48.99,7.85
247,Arrondissement de Saint-Denis,48.92,2.33,FR,1587049213,32,36,75.99,4.7
248,Burnie,-41.07,145.92,AU,1587049213,74,81,53.01,17.0
249,Port Blair,11.67,92.75,IN,1587049214,97,76,83.59,3.2
250,Torbay,47.67,-52.73,CA,1587049209,90,93,39.0,12.75
251,Det Udom,14.91,105.08,TH,1587049214,76,58,87.8,4.7
252,Noyabrsk,63.2,75.45,RU,1587049215,100,94,32.31,5.48
253,Xam Nua,20.42,104.04,LA,1587049215,100,59,67.26,2.82
254,Nelson Bay,-32.72,152.15,AU,1587049215,88,77,73.99,4.7
255,Umluj,25.02,37.27,SA,1587049216,0,40,80.44,7.9
256,Kincardine,56.07,-3.72,GB,1587049216,75,76,55.4,13.87
257,Kruisfontein,-34.0,24.73,ZA,1587049217,0,56,65.3,10.67
258,Okhotsk,59.38,143.3,RU,1587049218,27,84,21.45,11.54
259,Kamaishi,39.27,141.88,JP,1587049218,17,73,38.44,1.48
260,Sola,-13.88,167.55,VU,1587049218,100,80,80.96,13.09
261,Sagaing,21.88,95.98,MM,1587049219,61,37,85.86,4.79
262,Mahébourg,-20.41,57.7,MU,1587049220,75,94,75.2,13.87
263,Kahului,20.89,-156.47,US,1587049087,1,78,71.6,13.87
264,Moose Factory,51.26,-80.61,CA,1587049220,20,52,17.6,14.99
265,Metro,-5.11,105.31,ID,1587049221,69,89,76.75,2.59
266,Tha Bo,17.85,102.58,TH,1587049221,75,61,82.4,6.93
267,Chekhov,55.14,37.47,RU,1587049221,90,86,39.2,11.18
268,Petropavlovsk-Kamchatskiy,53.05,158.65,RU,1587049221,40,80,35.6,4.47
269,Sørland,67.67,12.69,NO,1587049221,75,69,37.4,24.0
270,Port Macquarie,-31.43,152.92,AU,1587049222,9,77,66.2,7.7
271,Arua,3.02,30.91,UG,1587049222,99,47,79.68,0.45
272,Puducherry,11.93,79.83,IN,1587049222,0,79,83.97,12.62
273,Souillac,-20.52,57.52,MU,1587049222,75,94,75.2,13.87
274,Kholtoson,50.3,103.31,RU,1587049223,19,38,39.29,3.58
275,Norman Wells,65.28,-126.83,CA,1587049223,90,80,32.0,3.36
276,Verkhoyansk,67.54,133.38,RU,1587049223,100,87,-2.52,7.23
277,Linhares,-19.39,-40.07,BR,1587048980,59,52,92.16,1.43
278,Coos Bay,43.37,-124.22,US,1587049224,1,93,50.0,12.95
279,Winnemucca,40.97,-117.74,US,1587049030,1,59,37.4,11.41
280,Eureka,40.8,-124.16,US,1587049032,90,87,48.99,3.89
281,Talcahuano,-36.72,-73.12,CL,1587049225,64,77,60.8,9.17
282,Pueblo Nuevo,23.38,-105.38,MX,1587049225,100,9,69.44,2.3
283,Poum,-20.23,164.02,NC,1587049225,7,79,78.53,12.26
284,Glendive,47.11,-104.71,US,1587048987,1,67,28.0,8.05
285,Kargopol',61.51,38.95,RU,1587049226,100,94,33.44,9.4
286,Kolosovka,56.47,73.61,RU,1587049226,89,77,45.97,6.11
287,Udachny,66.42,112.4,RU,1587049226,21,65,6.8,6.71
288,Acapulco de Juárez,16.86,-99.89,MX,1587048932,5,69,75.2,1.39
289,Balsas,-7.53,-46.04,BR,1587048987,19,71,82.74,3.91
290,Pemangkat,1.17,108.97,ID,1587049227,100,82,80.69,5.84
291,Zhongshu,24.52,103.77,CN,1587049227,7,38,63.12,4.25
292,Swellendam,-34.02,20.44,ZA,1587049227,2,43,73.4,13.87
293,Sampit,-2.53,112.95,ID,1587049228,76,92,76.41,1.7
294,Kaseda-shirakame,31.42,130.32,JP,1587049228,1,87,53.01,3.0
295,Igarka,67.47,86.58,RU,1587049228,99,97,25.83,11.9
296,Hamilton,39.18,-84.53,US,1587049151,20,48,44.01,9.17
297,Aksu,41.12,80.26,CN,1587049229,100,43,57.49,8.03
298,Mildura,-34.2,142.15,AU,1587049229,0,58,57.2,6.93
299,Kungurtug,50.6,97.52,RU,1587049229,100,45,41.07,1.86
300,Thompson,55.74,-97.86,CA,1587049230,90,72,14.0,11.41
301,Mogadishu,2.04,45.34,SO,1587049230,20,66,86.0,5.82
302,Luwuk,-0.95,122.79,ID,1587049230,26,74,81.84,3.6
303,Oktyabr'skoye,43.06,44.74,RU,1587049231,75,65,46.4,2.24
304,Teguise,29.06,-13.56,ES,1587049231,20,39,80.6,9.17
305,Dauriya,49.93,116.87,RU,1587049231,15,36,46.08,3.31
306,Iquitos,-3.75,-73.25,PE,1587049231,75,83,82.4,6.93
307,Azare,11.68,10.19,NG,1587049232,0,6,105.51,11.54
308,Villazón,-22.09,-65.59,BO,1587049232,79,17,50.9,8.19
309,São Félix do Xingu,-6.64,-51.99,BR,1587049232,67,63,84.07,2.42
310,Lincoln,40.8,-96.67,US,1587049232,90,80,37.4,13.87
311,Bridlington,54.08,-0.19,GB,1587049233,0,50,62.6,12.48
312,Dingle,11.0,122.67,PH,1587049233,0,72,80.6,9.08
313,Kumul,42.8,93.45,CN,1587049233,100,27,67.03,17.07
314,Salinópolis,-0.61,-47.36,BR,1587049233,39,73,82.51,3.18
315,Namatanai,-3.67,152.43,PG,1587049234,100,76,81.57,5.68
316,Salalah,17.02,54.09,OM,1587049234,40,70,84.2,11.41
317,Marabu,4.41,114.01,MY,1587049234,75,94,82.4,5.82
318,Preeceville,51.95,-102.67,CA,1587049235,45,92,20.39,6.8
319,Pasni,25.26,63.47,PK,1587049235,100,49,83.8,12.37
320,Morant Bay,17.88,-76.41,JM,1587049235,75,66,86.0,6.93
321,Province of Mantua,45.17,10.78,IT,1587049236,100,20,70.0,3.36
322,Narasapuram,16.45,81.67,IN,1587049236,5,84,81.14,8.84
323,Kattivākkam,13.22,80.32,IN,1587049237,0,74,86.0,10.29
324,Somers Point,39.32,-74.59,US,1587049237,20,39,48.99,19.46
325,Uruçuí,-7.23,-44.56,BR,1587049237,23,56,86.72,4.85
326,Mnogovershinnyy,53.94,139.92,RU,1587049237,0,88,28.24,1.21
327,Zhuanghe,39.7,122.99,CN,1587049237,100,92,51.01,5.99
328,Aklavik,68.22,-135.01,CA,1587049238,90,93,37.4,3.36
329,Codrington,-38.27,141.97,AU,1587049238,49,75,54.97,20.69
330,Júlio de Castilhos,-29.23,-53.68,BR,1587049238,0,39,64.02,5.5
331,Aginskoye,51.1,114.53,RU,1587049238,90,47,46.42,5.21
332,Turukhansk,65.82,87.98,RU,1587049239,77,89,33.78,10.96
333,Galle,6.04,80.22,LK,1587049239,69,75,82.36,3.98
334,Vardø,70.37,31.11,NO,1587049239,75,74,35.6,11.41
335,Kiryat Gat,31.61,34.76,IL,1587049200,75,72,71.01,13.87
336,Surgut,61.25,73.42,RU,1587049239,100,80,39.2,4.47
337,Molo,-0.25,35.74,KE,1587049240,96,43,61.99,1.03
338,Fereydūnkenār,36.69,52.52,IR,1587049240,20,68,64.4,20.8
339,Maniitsoq,65.42,-52.9,GL,1587049240,100,96,30.2,30.06
340,São Sebastião,-23.76,-45.41,BR,1587049068,94,71,75.4,5.35
341,Shache,38.42,77.24,CN,1587049241,100,16,67.77,4.43
342,Qui Nhon,13.77,109.23,VN,1587049241,69,80,77.58,3.51
343,Bambous Virieux,-20.34,57.76,MU,1587049241,75,94,75.2,13.87
344,Esim,4.87,-2.24,GH,1587049241,16,68,87.48,11.21
345,Sittwe,20.15,92.9,MM,1587049241,0,82,80.15,4.47
346,Valleyview,55.07,-117.29,CA,1587049242,4,71,31.62,5.44
347,Tiksi,71.69,128.87,RU,1587049242,100,91,-5.66,7.11
348,Lorengau,-2.02,147.27,PG,1587049242,100,69,83.23,4.56
349,Saint Anthony,45.02,-93.22,US,1587049242,1,47,37.4,11.41
350,Atar,20.52,-13.05,MR,1587049243,55,8,98.4,12.21
351,Kyren,51.68,102.14,RU,1587049243,0,41,42.98,1.14
352,Bandarbeyla,9.49,50.81,SO,1587049243,0,71,83.57,12.19
353,Bahār,34.91,48.44,IR,1587049243,71,22,57.96,7.96
354,Mae Hong Son,19.3,97.97,TH,1587049244,33,27,80.58,1.39
355,Resistencia,-27.46,-58.98,AR,1587049244,0,37,75.99,5.82
356,Geraldton,-28.77,114.6,AU,1587049244,40,77,68.0,8.05
357,Baruun-Urt,46.68,113.28,MN,1587049245,0,44,39.79,2.01
358,Saint George,37.1,-113.58,US,1587049183,1,49,52.0,2.93
359,Mindelo,16.89,-24.98,CV,1587049050,40,47,78.8,20.8
360,Vestmannaeyjar,63.44,-20.27,IS,1587049245,75,75,44.6,4.7
361,Galveston,29.37,-94.97,US,1587049030,1,56,69.01,13.87
362,Yemtsa,63.07,40.33,RU,1587049246,100,95,35.62,6.85
363,Sakaiminato,35.55,133.23,JP,1587049246,20,76,51.8,12.75
364,Finschhafen,-6.6,147.87,PG,1587049246,89,75,81.79,4.79
365,Wisconsin Rapids,44.38,-89.82,US,1587048994,1,54,35.6,11.41
366,Dubti,11.74,41.09,ET,1587049247,44,37,93.13,6.24
367,Bobrovka,54.05,61.75,RU,1587049247,100,41,54.14,17.87
368,Port Hedland,-20.32,118.57,AU,1587049247,100,83,84.2,8.05
369,Chui,-33.7,-53.46,UY,1587049247,42,71,70.16,12.71
370,Pokhara,28.23,83.98,NP,1587049248,58,31,67.55,5.06
371,College,64.86,-147.8,US,1587049248,90,93,41.0,5.82
372,Port Shepstone,-30.74,30.45,ZA,1587049248,54,65,70.54,8.5
373,Pimentel,-6.84,-79.93,PE,1587049248,28,29,66.2,11.41
374,Beloha,-25.17,45.05,MG,1587049249,0,54,82.06,9.73
375,Acajutla,13.59,-89.83,SV,1587049052,11,89,79.0,5.06
376,Nizhniy Kuranakh,58.84,125.49,RU,1587049250,100,91,20.91,10.38
377,Måløy,61.94,5.11,NO,1587049250,40,56,42.8,16.11
378,Atoka,34.4,-96.02,US,1587049250,1,53,59.0,10.29
379,Asău,46.43,26.4,RO,1587049251,3,24,72.0,12.75
380,Erdenet,49.03,104.08,MN,1587049251,0,33,43.07,1.81
381,Baghdad,33.34,44.4,IQ,1587049109,37,17,86.0,6.93
382,Sungai Penuh,-2.08,101.38,ID,1587049252,100,75,67.08,2.15
383,Marshall,34.38,-86.33,US,1587049252,1,50,57.0,3.36
384,Caarapó,-22.63,-54.82,BR,1587049253,0,33,70.99,7.52
385,La Santisima Trinidad,-14.83,-64.9,BO,1587049097,75,73,75.2,9.17
386,Aswān,24.09,32.91,EG,1587049253,12,11,94.23,12.06
387,Slough,51.51,-0.6,GB,1587049254,99,45,69.01,5.82
388,Manggar,-2.88,108.27,ID,1587049254,99,74,82.17,0.67
389,Abu Kamal,34.45,40.92,SY,1587049254,75,18,78.78,12.5
390,Kasongo-Lunda,-6.47,16.82,CD,1587049255,65,45,88.36,1.77
391,Corrente,-3.74,-43.34,BR,1587049255,83,67,86.76,2.33
392,Campbell River,50.02,-125.24,CA,1587049206,75,93,45.0,4.7
393,Sarkand,45.41,79.92,KZ,1587049255,44,39,46.53,2.59
394,Chauk,20.88,94.82,MM,1587049256,39,41,84.42,3.36
395,Mangan,27.52,88.53,IN,1587049256,49,36,66.61,3.65
396,Mehrān,33.12,46.16,IR,1587049256,40,22,68.0,6.93
397,Viedma,-40.81,-63.0,AR,1587049256,100,32,71.73,19.51
398,Lüderitz,-26.65,15.16,NA,1587049257,79,56,71.6,23.04
399,Pangoa,-12.12,-73.0,PE,1587049257,100,78,66.78,1.48
400,Santiago del Estero,-27.8,-64.26,AR,1587049071,47,34,75.13,10.74
401,Belmonte,-15.86,-38.88,BR,1587049258,40,70,84.2,6.93
402,Khatanga,71.97,102.5,RU,1587049258,0,88,-1.55,9.26
403,Flin Flon,54.77,-101.86,CA,1587049215,75,57,21.2,8.05
404,Mutsu,41.29,141.22,JP,1587049258,20,80,35.6,6.93
405,Chāmpa,22.05,82.65,IN,1587049259,25,16,91.96,2.93
406,Yulara,-25.24,130.99,AU,1587049259,100,36,80.6,10.29
407,Vallenar,-28.57,-70.76,CL,1587049259,10,26,76.17,7.56
408,Pāvilosta,56.89,21.19,LV,1587049260,0,64,48.2,14.99
409,Kununurra,-15.77,128.73,AU,1587049260,78,78,77.0,2.17
410,Ayagoz,47.97,80.44,KZ,1587049260,5,47,44.22,12.5
411,Paita,-5.09,-81.11,PE,1587049260,79,100,62.6,19.46
412,Batagay,67.63,134.63,RU,1587049261,100,88,-1.79,7.63
413,Russkiy Aktash,55.04,52.12,RU,1587049261,40,45,42.8,15.66
414,Ust-Nera,64.57,143.2,RU,1587049261,100,80,-0.54,10.25
415,Angermünde,53.02,14.0,DE,1587049262,66,45,66.0,10.89
416,Kangaatsiaq,68.31,-53.46,GL,1587049262,100,96,30.22,13.4
417,Tarko-Sale,64.92,77.78,RU,1587049262,100,65,27.0,4.9
418,Bārān,25.1,76.52,IN,1587049262,95,14,93.54,4.36
419,Touros,-5.2,-35.46,BR,1587049262,90,94,77.0,4.7
420,Ishigaki,24.34,124.16,JP,1587049263,0,62,71.42,13.38
421,Lata,40.16,-8.33,PT,1587049263,75,63,64.99,23.04
422,Mandalgovi,45.76,106.27,MN,1587049263,0,32,42.15,2.46
423,‘Āhuimanu,21.44,-157.84,US,1587049263,75,65,77.0,10.29
424,Ulaanbaatar,47.91,106.88,MN,1587049195,0,38,32.0,4.47
425,Jiaocheng,24.68,116.14,CN,1587049264,0,68,65.52,1.92
426,Bom Jardim,-7.8,-35.59,BR,1587049264,75,66,84.2,9.17
427,Cabo San Lucas,22.89,-109.91,MX,1587049089,40,63,72.0,0.76
428,Gold Coast,-28.0,153.43,AU,1587048977,0,77,70.0,8.05
429,Nantucket,41.28,-70.1,US,1587049067,1,49,48.2,13.87
430,Wilhelmshaven,53.52,8.13,DE,1587049265,75,62,64.0,9.17
431,Nouadhibou,20.93,-17.03,MR,1587049266,25,64,73.4,17.22
432,Port Moresby,-9.44,147.18,PG,1587049264,90,100,75.2,3.36
433,Luau,-10.71,22.22,AO,1587049266,86,57,77.54,4.25
434,Paramirim,-13.44,-42.24,BR,1587049266,67,53,82.26,6.35
435,Halifax,44.65,-63.57,CA,1587049267,40,51,45.0,19.46
436,Calvinia,-31.47,19.78,ZA,1587049267,0,18,71.35,11.48
437,Keti Bandar,24.14,67.45,PK,1587049267,79,69,81.25,13.6
438,Otukpo,7.19,8.13,NG,1587049268,2,29,100.94,2.84
439,Faanui,-16.48,-151.75,PF,1587049268,47,72,82.13,8.95
440,Nanortalik,60.14,-45.24,GL,1587049268,100,89,33.53,7.83
441,Ketchikan,55.34,-131.65,US,1587049269,20,100,44.6,8.05
442,Soe,-9.86,124.28,ID,1587049269,100,84,68.05,3.4
443,Judaberg,59.17,5.87,NO,1587049270,20,67,46.4,20.8
444,Quesnel,53.0,-122.5,CA,1587049249,1,92,24.8,4.94
445,Mount Isa,-20.73,139.5,AU,1587049270,0,49,69.8,6.8
446,Los Llanos de Aridane,28.66,-17.92,ES,1587049270,20,56,71.6,6.93
447,Bourail,-21.57,165.48,NC,1587049271,6,86,70.32,3.85
448,Amahai,-3.33,128.92,ID,1587049271,89,76,81.61,2.77
449,Along,28.17,94.77,IN,1587049271,77,67,67.87,1.86
450,Necochea,-38.55,-58.74,AR,1587049271,35,68,69.01,4.0
451,Tanta,30.79,31.0,EG,1587048992,8,46,68.95,18.23
452,San Fernando,15.03,120.69,PH,1587049272,75,88,84.2,6.93
453,Tual,-5.67,132.75,ID,1587049272,100,74,83.84,5.37
454,Vao,-22.67,167.48,NC,1587049272,80,68,74.66,11.52
455,Westport,41.14,-73.36,US,1587049263,75,39,46.99,18.34
456,Pangnirtung,66.15,-65.71,CA,1587049273,90,62,19.4,9.17
457,Makakilo City,21.35,-158.09,US,1587049273,75,77,77.0,5.82
458,Hoi An,15.88,108.33,VN,1587049274,75,83,78.8,3.36
459,Kologriv,58.83,44.32,RU,1587049274,100,74,37.33,7.74
460,Port Elgin,46.05,-64.09,CA,1587049274,75,69,35.6,9.17
461,Pochinki,54.7,44.87,RU,1587049274,100,68,41.23,17.11
462,Harper,4.38,-7.72,LR,1587049274,30,67,86.9,7.74
463,Amberley,39.2,-84.43,US,1587049275,1,60,43.0,6.93
464,Avera,33.19,-82.53,US,1587049275,1,55,62.6,5.82
465,Hīt,33.64,42.83,IQ,1587049275,49,17,81.84,4.94
466,Kamariótissa,40.48,25.47,GR,1587049275,0,51,59.0,10.29
467,Talnakh,69.49,88.4,RU,1587049276,90,57,19.4,11.18
468,Mehamn,71.04,27.85,NO,1587049276,100,87,34.27,4.41
469,Del Rio,29.36,-100.9,US,1587049142,40,72,60.8,12.75
470,Hohhot,40.81,111.65,CN,1587049253,0,19,48.2,8.95
471,Kasempa,-13.46,25.83,ZM,1587049277,34,52,77.25,4.92
472,Gijang,35.24,129.21,KR,1587049277,75,71,51.8,6.93
473,Laguna,38.42,-121.42,US,1587049277,1,87,59.0,4.7
474,Jumla,29.27,82.18,NP,1587049268,75,28,51.48,2.35
475,Tupi Paulista,-21.38,-51.57,BR,1587049278,0,41,70.9,4.92
476,Canutama,-6.53,-64.38,BR,1587049278,2,68,84.38,5.14
477,Tigil',57.8,158.67,RU,1587049278,34,96,16.9,3.15
478,Luján,-34.57,-59.1,AR,1587049278,0,55,70.0,4.7
479,Scottsbluff,41.87,-103.67,US,1587049279,90,92,26.6,18.34
480,Kawalu,-7.38,108.21,ID,1587049279,13,80,75.69,0.63
481,Pinawa,50.15,-95.88,CA,1587049279,99,85,29.26,11.79
482,Horsens,55.86,9.85,DK,1587049279,0,46,57.2,16.11
483,Mushie,-3.02,16.9,CD,1587049280,98,61,86.45,3.58
484,Clyde River,70.47,-68.59,CA,1587049280,75,84,6.8,21.92
485,Rio Branco,-9.97,-67.81,BR,1587049280,75,94,73.4,5.23
486,Izumo,35.37,132.77,JP,1587049280,20,76,51.8,12.75
487,Fagersta,60.0,15.79,SE,1587049280,100,39,50.0,18.34
488,Corowa,-36.03,146.38,AU,1587049281,40,71,57.2,11.41
489,Sapa,5.15,120.32,PH,1587049281,73,71,83.19,5.79
490,Rome,43.21,-75.46,US,1587049063,90,69,37.0,16.11
491,Oranjemund,-28.55,16.43,NA,1587049281,61,62,64.83,19.51
492,Sept-Îles,50.2,-66.38,CA,1587049281,75,41,28.0,12.75
493,Manta,-0.95,-80.73,EC,1587049051,66,74,84.2,4.99
494,Leningradskiy,69.38,178.42,RU,1587049283,100,96,14.27,8.37
495,Maubin,16.73,95.65,MM,1587049283,20,66,86.0,4.7
496,Khovd,48.01,91.64,MN,1587049283,83,34,47.86,4.38
497,Storforshei,66.4,14.52,NO,1587049284,79,85,33.94,6.06
498,Bonthe,7.53,-12.51,SL,1587049284,99,66,86.72,4.76
499,Nago,26.59,127.98,JP,1587049284,1,87,66.2,4.7
500,Urdoma,61.75,48.54,RU,1587049284,99,77,36.59,10.51
501,Sam Roi Yot,12.27,99.87,TH,1587049284,66,79,80.62,6.06
502,Kieta,-6.22,155.63,PG,1587049285,100,76,80.49,2.19
503,Tsiroanomandidy,-18.77,46.03,MG,1587049285,16,54,71.78,3.44
504,Três Lagoas,-20.75,-51.68,BR,1587049285,0,45,71.46,5.5
505,El Alto,-4.27,-81.21,PE,1587049285,97,100,62.6,19.46
506,Orbetello,42.44,11.22,IT,1587049285,20,39,68.0,4.7
507,Wilmington,34.23,-77.94,US,1587049243,1,41,64.0,9.17
508,Kościan,52.09,16.65,PL,1587049286,89,39,68.0,14.99
509,Kalemie,-5.95,29.19,CD,1587049286,60,58,78.6,4.47
510,Kryvyi Rih,47.92,33.35,UA,1587049286,93,24,66.2,26.84
511,Bukachacha,52.98,116.92,RU,1587049286,95,51,41.09,1.74
512,Cap Malheureux,-19.98,57.61,MU,1587049287,75,94,75.2,13.87
513,San Joaquin,10.26,-67.79,VE,1587049287,83,49,82.83,6.04
514,Lavrentiya,65.58,-171.0,RU,1587049287,100,97,22.62,10.11
515,Koshurnikovo,54.17,93.3,RU,1587049288,51,60,38.71,3.96
516,Soyo,-6.13,12.37,AO,1587049288,75,100,78.8,4.7
517,Klaksvík,62.23,-6.59,FO,1587049289,47,70,44.6,8.05
518,Broken Hill,-31.95,141.43,AU,1587049289,37,55,62.6,14.99
519,Slave Lake,55.28,-114.77,CA,1587049289,1,85,23.0,6.93
520,Lashio,22.93,97.75,MM,1587049289,0,29,73.53,1.99
521,Tchaourou,8.89,2.6,BJ,1587049290,13,21,103.77,5.01
522,Sheregesh,52.92,87.99,RU,1587049290,41,67,38.25,4.68
523,Soloneshnoye,51.65,84.32,RU,1587049290,13,57,44.69,5.77
524,Dicabisagan,17.08,122.42,PH,1587049290,84,82,76.93,2.55
525,Najrān,17.49,44.13,SA,1587049291,20,33,87.8,6.93
526,Luleå,65.58,22.15,SE,1587049291,15,48,41.0,13.87
527,Southbridge,42.08,-72.03,US,1587049164,75,51,45.0,10.29
528,Wasilla,61.58,-149.44,US,1587049241,90,100,39.99,2.06
529,Stoughton,42.13,-71.1,US,1587049218,75,52,46.0,9.17
530,General José Eduvigis Díaz,-27.17,-58.42,PY,1587049292,0,40,75.99,5.82
531,Waddān,29.16,16.14,LY,1587049292,93,27,83.34,11.23
532,Todos Santos,23.45,-110.22,MX,1587049293,40,63,75.0,1.43
533,Zorritos,-3.68,-80.68,PE,1587049293,73,74,79.93,4.05
534,San Policarpo,12.18,125.51,PH,1587049293,92,81,82.0,12.71
535,Robertsport,6.75,-11.37,LR,1587049293,80,61,88.48,6.24
536,Cayenne,4.93,-52.33,GF,1587049294,75,66,86.0,11.41
537,Birjand,32.87,59.22,IR,1587049294,75,51,59.0,18.34
538,Ziway,7.93,38.72,ET,1587049294,73,35,77.27,5.79
539,Marzuq,14.4,46.47,YE,1587049295,100,42,79.47,7.61
540,Hirado,33.36,129.55,JP,1587049295,25,83,57.0,9.24
541,Namysłów,51.08,17.72,PL,1587049295,98,30,68.0,19.46
542,Shwebo,22.57,95.7,MM,1587049295,89,31,87.31,4.41
543,Wadena,46.44,-95.14,US,1587049296,1,58,37.0,9.17
544,Balabac,7.99,117.06,PH,1587049296,0,77,82.42,11.86
545,Kroya,-7.63,109.25,ID,1587049296,27,81,81.57,2.77
546,Nuquí,5.71,-77.27,CO,1587049296,90,94,77.0,5.82
547,Tuatapere,-46.13,167.68,NZ,1587049297,100,90,44.01,3.0
548,Kirakira,-10.45,161.92,SB,1587049297,99,79,80.51,6.42
549,Wanlaweyn,2.62,44.89,SO,1587049297,100,58,87.98,17.36
550,City of San Pedro,14.35,121.02,PH,1587049298,75,74,84.2,6.93
551,Mossamedes,-15.2,12.15,AO,1587049298,0,65,78.8,5.82
552,Mineiros,-17.57,-52.55,BR,1587049298,24,58,75.4,6.53
553,Enshi,30.3,109.48,CN,1587049248,74,66,71.2,1.9
554,Salinas,36.68,-121.66,US,1587049117,90,100,55.4,4.7
555,Sigli,5.38,95.96,ID,1587049300,96,75,82.33,4.52
556,Labuhan,-6.88,112.21,ID,1587049300,84,78,81.23,4.45
557,Pacific Grove,36.62,-121.92,US,1587049300,90,87,55.4,4.7
558,Libenge,3.65,18.63,CD,1587049300,98,31,96.89,4.18
559,Killybegs,54.63,-8.45,IE,1587049301,20,71,59.0,19.46
560,Otradnoye,59.78,30.82,RU,1587049301,40,45,46.99,15.66
561,Morehead,37.27,-87.18,US,1587049301,1,36,50.0,6.93
562,Suba,10.84,121.01,PH,1587049301,7,78,84.54,15.05
563,Dwārka,22.24,68.97,IN,1587049302,64,76,80.98,13.04
564,Plastun,44.76,136.29,RU,1587049302,1,73,37.35,5.66
565,Qinzhou,21.95,108.62,CN,1587049302,89,84,71.89,7.36
566,Severnyy,50.68,36.55,RU,1587049303,100,50,53.6,22.37
567,Taltal,-25.4,-70.48,CL,1587049303,46,52,71.76,7.18
568,Palmer,42.16,-72.33,US,1587049268,75,44,45.0,14.99
569,Scarborough,54.28,-0.4,GB,1587049304,0,50,62.6,12.15
570,Cefalù,38.04,14.02,IT,1587049304,90,83,64.99,5.99
571,Maba,24.68,113.6,CN,1587049305,0,71,68.02,3.04
572,Thinadhoo,0.53,72.93,MV,1587049305,96,68,85.33,6.35
573,Constantine,36.37,6.61,DZ,1587049305,75,34,78.8,3.36
574,Qandala,11.47,49.87,SO,1587049305,4,63,85.96,5.95
575,Oriximiná,-1.77,-55.87,BR,1587049306,45,67,84.94,1.92
